{"cameraMode":{"drawMode":0,"name":"Shaded","section":"Shading Mode"},"sceneLighting":false,"audioPlay":false,"sceneViewState":{"m_AlwaysRefresh":false,"showFog":true,"showSkybox":false,"showFlares":true,"showImageEffects":true,"showParticleSystems":true,"showVisualEffectGraphs":true,"m_FxEnabled":true},"in2DMode":false,"pivot":{"x":-1.6435184478759766,"y":-5.383001327514648,"z":8.819597244262696},"rotation":{"x":0.010340822860598565,"y":0.9021355509757996,"z":-0.021655414253473283,"w":0.43078500032424929},"size":7.833632469177246,"orthographic":false}