{"cameraMode":{"drawMode":0,"name":"Shaded","section":"Shading Mode"},"sceneLighting":true,"audioPlay":false,"sceneViewState":{"m_AlwaysRefresh":false,"showFog":true,"showSkybox":true,"showFlares":true,"showImageEffects":true,"showParticleSystems":true,"showVisualEffectGraphs":true,"m_FxEnabled":true},"in2DMode":false,"pivot":{"x":-9.602042198181153,"y":14.556291580200196,"z":9.431907653808594},"rotation":{"x":0.03677678108215332,"y":0.9486387968063355,"z":-0.29033318161964419,"w":0.12016512453556061},"size":15.795307159423829,"orthographic":false}