{"cameraMode":{"drawMode":0,"name":"Shaded","section":"Shading Mode"},"sceneLighting":true,"audioPlay":false,"sceneViewState":{"m_AlwaysRefresh":false,"showFog":true,"showSkybox":true,"showFlares":true,"showImageEffects":true,"showParticleSystems":true,"showVisualEffectGraphs":true,"m_FxEnabled":true},"in2DMode":false,"pivot":{"x":31.020681381225587,"y":7.572244644165039,"z":7.050575256347656},"rotation":{"x":-0.0008917975355871022,"y":0.9801554083824158,"z":-0.19817723333835603,"w":-0.0044107502326369289},"size":38.88485336303711,"orthographic":false}