{"cameraMode":{"drawMode":0,"name":"Shaded","section":"Shading Mode"},"sceneLighting":true,"audioPlay":false,"sceneViewState":{"m_AlwaysRefresh":false,"showFog":true,"showSkybox":true,"showFlares":true,"showImageEffects":true,"showParticleSystems":true,"showVisualEffectGraphs":true,"m_FxEnabled":true},"in2DMode":false,"pivot":{"x":0.27413082122802737,"y":1.8574438095092774,"z":6.234989643096924},"rotation":{"x":0.24427451193332673,"y":-0.4892563223838806,"z":0.14493723213672639,"w":0.8245962858200073},"size":3.8889882564544679,"orthographic":true}